INSERT IGNORE user (id, username, password, name, evaluation) VALUES (1,123456789,'$2a$08$.fGVrSfR6aY/ptmCHo5gZuocomtLX.BjWEGxawexSoN99sQKLj9TO','製作者','aaa')
INSERT IGNORE user (id, username, password, name, evaluation) VALUES (2,987654321,'$2a$08$wvG1/ki9S.gH2KBVsBsP1Oj7VDsHUwgeQLFzaBXa80hyRryGVhMvK','魔王軍','aaa')

INSERT IGNORE user_info(id, user_id, time, money)VALUES(1,1,0,100000)

INSERT IGNORE party(id,user_id,count,player_id1,player_id2,player_id3,player_id4)VALUES(2,2,11,2,2,1,1)
INSERT IGNORE party(id,user_id,count,player_id1,player_id2,player_id3)VALUES(3,2,12,3,1,1)
INSERT IGNORE party(id,user_id,count,player_id1,player_id2,player_id3)VALUES(4,2,13,4,1,1)
INSERT IGNORE party(id,user_id,count,player_id1,player_id2,player_id3)VALUES(5,2,14,5,1,1)
INSERT IGNORE party(id,user_id,count,player_id1,player_id2,player_id3)VALUES(6,2,15,6,1,1)
INSERT IGNORE party(id,user_id,count,player_id1,player_id2,player_id3,player_id4)VALUES(7,2,16,7,4,3,2)
INSERT IGNORE party(id,user_id,count,player_id1,player_id2,player_id3,player_id4,player_id5)VALUES(8,2,17,8,6,6,6,6)
INSERT IGNORE party(id,user_id,count,player_id1,player_id2)VALUES(9,2,18,9,9)
INSERT IGNORE party(id,user_id,count,player_id1,player_id2,player_id3,player_id4,player_id5,player_id6,player_id7,player_id8)VALUES(10,2,19,9,8,7,6,5,4,3,2)
INSERT IGNORE party(id,user_id,count,player_id1,player_id2,player_id3,player_id4,player_id5,player_id6,player_id7,player_id8)VALUES(11,2,20,10,3,3,3,3,3,3,3)
INSERT IGNORE party(id,user_id,count,player_id1,player_id2,player_id3,player_id4,player_id5,player_id6,player_id7,player_id8)VALUES(12,2,21,10,10,3,3,3,3,3,3)
INSERT IGNORE party(id,user_id,count,player_id1,player_id2,player_id3,player_id4,player_id5,player_id6,player_id7,player_id8)VALUES(13,2,22,10,10,10,3,3,3,3,3)
INSERT IGNORE party(id,user_id,count,player_id1,player_id2,player_id3,player_id4,player_id5,player_id6,player_id7,player_id8)VALUES(14,2,23,11,3,3,3,3,3,3,3)
INSERT IGNORE party(id,user_id,count,player_id1,player_id2,player_id3,player_id4,player_id5,player_id6,player_id7,player_id8)VALUES(15,2,24,11,11,3,3,3,3,3,3)
INSERT IGNORE party(id,user_id,count,player_id1,player_id2,player_id3,player_id4,player_id5,player_id6,player_id7,player_id8)VALUES(16,2,25,11,11,11,3,3,3,3,3)
INSERT IGNORE party(id,user_id,count,player_id1,player_id2,player_id3,player_id4,player_id5,player_id6,player_id7,player_id8)VALUES(17,2,26,12,12,3,3,3,3,3,3)
INSERT IGNORE party(id,user_id,count,player_id1,player_id2,player_id3,player_id4,player_id5,player_id6,player_id7,player_id8)VALUES(18,2,27,12,12,12,3,3,3,3,3)
INSERT IGNORE party(id,user_id,count,player_id1,player_id2,player_id3,player_id4,player_id5,player_id6,player_id7,player_id8)VALUES(19,2,28,12,12,12,12,3,3,3,3)
INSERT IGNORE party(id,user_id,count,player_id1,player_id2,player_id3,player_id4,player_id5,player_id6,player_id7,player_id8)VALUES(20,2,29,12,11,10,9,8,7,6,5)
INSERT IGNORE party(id,user_id,count,player_id1,player_id2,player_id3,player_id4,player_id5,player_id6,player_id7,player_id8)VALUES(21,2,30,13,12,11,7,7,7,7,7)
INSERT IGNORE party(id,user_id,count,player_id1,player_id2,player_id3,player_id4,player_id5,player_id6,player_id7,player_id8)VALUES(22,2,31,14,13,12,7,7,7,7,7)
INSERT IGNORE party(id,user_id,count,player_id1,player_id2,player_id3,player_id4,player_id5,player_id6,player_id7,player_id8)VALUES(23,2,32,15,14,13,12,7,7,7,7)
INSERT IGNORE party(id,user_id,count,player_id1,player_id2,player_id3,player_id4,player_id5,player_id6,player_id7,player_id8)VALUES(24,2,33,16,15,14,13,12,7,7,7)
INSERT IGNORE party(id,user_id,count,player_id1,player_id2,player_id3,player_id4,player_id5,player_id6,player_id7,player_id8)VALUES(25,2,34,17,7,7,7,7,7,7,7)
INSERT IGNORE party(id,user_id,count,player_id1,player_id2,player_id3,player_id4,player_id5,player_id6,player_id7,player_id8)VALUES(26,2,35,17,17,7,7,7,7,7,7)
INSERT IGNORE party(id,user_id,count,player_id1,player_id2,player_id3,player_id4,player_id5,player_id6,player_id7,player_id8)VALUES(27,2,36,17,17,17,7,7,7,7,7)
INSERT IGNORE party(id,user_id,count,player_id1,player_id2,player_id3,player_id4,player_id5,player_id6,player_id7,player_id8)VALUES(28,2,37,17,17,17,17,7,7,7,7)
INSERT IGNORE party(id,user_id,count,player_id1,player_id2,player_id3,player_id4,player_id5,player_id6,player_id7,player_id8)VALUES(29,2,38,17,17,17,17,17,7,7,7)
INSERT IGNORE party(id,user_id,count,player_id1,player_id2,player_id3,player_id4,player_id5,player_id6,player_id7,player_id8)VALUES(30,2,39,17,16,15,14,13,12,11,10)
INSERT IGNORE party(id,user_id,count,player_id1,player_id2,player_id3,player_id4,player_id5,player_id6,player_id7,player_id8)VALUES(31,2,40,18,7,7,7,7,7,7,7)
INSERT IGNORE party(id,user_id,count,player_id1,player_id2,player_id3,player_id4,player_id5,player_id6,player_id7,player_id8)VALUES(32,2,41,18,18,7,7,7,7,7,7)
INSERT IGNORE party(id,user_id,count,player_id1,player_id2,player_id3,player_id4,player_id5,player_id6,player_id7,player_id8)VALUES(33,2,42,18,18,18,7,7,7,7,7)
INSERT IGNORE party(id,user_id,count,player_id1,player_id2,player_id3,player_id4,player_id5,player_id6,player_id7,player_id8)VALUES(34,2,43,18,18,18,18,7,7,7,7)
INSERT IGNORE party(id,user_id,count,player_id1,player_id2,player_id3,player_id4,player_id5,player_id6,player_id7,player_id8)VALUES(35,2,44,18,18,18,18,18,7,7,7)
INSERT IGNORE party(id,user_id,count,player_id1,player_id2,player_id3,player_id4,player_id5,player_id6,player_id7,player_id8)VALUES(36,2,45,19,7,7,7,7,7,7,7)
INSERT IGNORE party(id,user_id,count,player_id1,player_id2,player_id3,player_id4,player_id5,player_id6,player_id7,player_id8)VALUES(37,2,46,19,19,7,7,7,7,7,7)
INSERT IGNORE party(id,user_id,count,player_id1,player_id2,player_id3,player_id4,player_id5,player_id6,player_id7,player_id8)VALUES(38,2,47,19,19,19,7,7,7,7,7)
INSERT IGNORE party(id,user_id,count,player_id1,player_id2,player_id3,player_id4,player_id5,player_id6,player_id7,player_id8)VALUES(39,2,48,19,19,19,19,7,7,7,7)
INSERT IGNORE party(id,user_id,count,player_id1,player_id2,player_id3,player_id4,player_id5,player_id6,player_id7,player_id8)VALUES(40,2,49,19,18,17,16,15,14,13,12)
INSERT IGNORE party(id,user_id,count,player_id1,player_id2,player_id3,player_id4,player_id5,player_id6,player_id7,player_id8)VALUES(41,2,50,20,1,1,1,1,1,1,1)
INSERT IGNORE party(id,user_id,count,player_id1,player_id2,player_id3,player_id4,player_id5,player_id6,player_id7,player_id8)VALUES(42,2,51,20,2,2,2,2,2,2,2)
INSERT IGNORE party(id,user_id,count,player_id1,player_id2,player_id3,player_id4,player_id5,player_id6,player_id7,player_id8)VALUES(43,2,52,20,3,3,3,3,3,3,3)
INSERT IGNORE party(id,user_id,count,player_id1,player_id2,player_id3,player_id4,player_id5,player_id6,player_id7,player_id8)VALUES(44,2,53,20,4,4,4,4,4,4,4)
INSERT IGNORE party(id,user_id,count,player_id1,player_id2,player_id3,player_id4,player_id5,player_id6,player_id7,player_id8)VALUES(45,2,54,20,5,5,5,5,5,5,5)
INSERT IGNORE party(id,user_id,count,player_id1,player_id2,player_id3,player_id4,player_id5,player_id6,player_id7,player_id8)VALUES(46,2,55,20,6,6,6,6,6,6,6)
INSERT IGNORE party(id,user_id,count,player_id1,player_id2,player_id3,player_id4,player_id5,player_id6,player_id7,player_id8)VALUES(47,2,56,20,7,7,7,7,7,7,7)
INSERT IGNORE party(id,user_id,count,player_id1,player_id2,player_id3,player_id4,player_id5,player_id6,player_id7,player_id8)VALUES(48,2,57,20,8,8,8,8,8,8,8)
INSERT IGNORE party(id,user_id,count,player_id1,player_id2,player_id3,player_id4,player_id5,player_id6,player_id7,player_id8)VALUES(49,2,58,20,9,9,9,9,9,9,9)
INSERT IGNORE party(id,user_id,count,player_id1,player_id2,player_id3,player_id4,player_id5,player_id6,player_id7,player_id8)VALUES(50,2,59,20,19,18,17,16,15,14,13)
INSERT IGNORE party(id,user_id,count,player_id1,player_id2,player_id3,player_id4,player_id5,player_id6,player_id7,player_id8)VALUES(51,2,60,21,10,10,10,10,10,10,10)
INSERT IGNORE party(id,user_id,count,player_id1,player_id2,player_id3,player_id4,player_id5,player_id6,player_id7,player_id8)VALUES(52,2,61,21,11,11,11,11,11,11,11)
INSERT IGNORE party(id,user_id,count,player_id1,player_id2,player_id3,player_id4,player_id5,player_id6,player_id7,player_id8)VALUES(53,2,62,21,12,12,12,12,12,12,12)
INSERT IGNORE party(id,user_id,count,player_id1,player_id2,player_id3,player_id4,player_id5,player_id6,player_id7,player_id8)VALUES(54,2,63,21,13,13,13,13,13,13,13)
INSERT IGNORE party(id,user_id,count,player_id1,player_id2,player_id3,player_id4,player_id5,player_id6,player_id7,player_id8)VALUES(55,2,64,21,14,14,14,14,14,14,14)
INSERT IGNORE party(id,user_id,count,player_id1,player_id2,player_id3,player_id4,player_id5,player_id6,player_id7,player_id8)VALUES(56,2,65,21,15,15,15,15,15,15,15)
INSERT IGNORE party(id,user_id,count,player_id1,player_id2,player_id3,player_id4,player_id5,player_id6,player_id7,player_id8)VALUES(57,2,66,21,16,16,16,16,16,16,16)
INSERT IGNORE party(id,user_id,count,player_id1,player_id2,player_id3,player_id4,player_id5,player_id6,player_id7,player_id8)VALUES(58,2,67,21,17,17,17,17,17,17,17)
INSERT IGNORE party(id,user_id,count,player_id1,player_id2,player_id3,player_id4,player_id5,player_id6,player_id7,player_id8)VALUES(59,2,68,21,18,18,18,18,18,18,18)
INSERT IGNORE party(id,user_id,count,player_id1,player_id2,player_id3,player_id4,player_id5,player_id6,player_id7,player_id8)VALUES(60,2,69,21,20,19,18,17,16,15,14)
INSERT IGNORE party(id,user_id,count,player_id1,player_id2)VALUES(61,2,70,22,21)
INSERT IGNORE party(id,user_id,count,player_id1,player_id2,player_id3)VALUES(62,2,71,22,21,21)
INSERT IGNORE party(id,user_id,count,player_id1,player_id2,player_id3,player_id4)VALUES(63,2,72,22,21,21,21)
INSERT IGNORE party(id,user_id,count,player_id1,player_id2,player_id3,player_id4,player_id5)VALUES(64,2,73,22,21,21,21,21)
INSERT IGNORE party(id,user_id,count,player_id1,player_id2,player_id3,player_id4,player_id5,player_id6,player_id7,player_id8)VALUES(65,2,74,22,21,20,19,18,17,16,15)
INSERT IGNORE party(id,user_id,count,player_id1,player_id2,player_id3,player_id4,player_id5,player_id6,player_id7,player_id8)VALUES(66,2,75,23,22,22,20,20,20,20,20)
INSERT IGNORE party(id,user_id,count,player_id1,player_id2,player_id3,player_id4,player_id5,player_id6,player_id7,player_id8)VALUES(67,2,76,23,23,22,22,22,20,20,20)
INSERT IGNORE party(id,user_id,count,player_id1,player_id2,player_id3,player_id4,player_id5,player_id6,player_id7,player_id8)VALUES(68,2,77,23,23,23,22,22,22,22,20)
INSERT IGNORE party(id,user_id,count,player_id1,player_id2,player_id3,player_id4,player_id5,player_id6,player_id7,player_id8)VALUES(69,2,78,23,23,23,23,22,22,22,22)
INSERT IGNORE party(id,user_id,count,player_id1,player_id2,player_id3,player_id4,player_id5,player_id6,player_id7,player_id8)VALUES(70,2,79,23,22,21,20,19,18,17,16)
INSERT IGNORE party(id,user_id,count,player_id1,player_id2,player_id3,player_id4,player_id5,player_id6,player_id7,player_id8)VALUES(71,2,80,24,1,1,1,1,1,1,1)
INSERT IGNORE party(id,user_id,count,player_id1,player_id2,player_id3,player_id4,player_id5,player_id6,player_id7,player_id8)VALUES(72,2,81,24,24,11,1,1,1,1,1)
INSERT IGNORE party(id,user_id,count,player_id1,player_id2,player_id3,player_id4,player_id5,player_id6,player_id7,player_id8)VALUES(73,2,82,24,24,24,1,1,1,1,1)
INSERT IGNORE party(id,user_id,count,player_id1,player_id2,player_id3,player_id4,player_id5,player_id6,player_id7,player_id8)VALUES(74,2,83,24,24,24,24,1,1,1,1)
INSERT IGNORE party(id,user_id,count,player_id1,player_id2,player_id3,player_id4,player_id5,player_id6,player_id7,player_id8)VALUES(75,2,84,24,24,24,24,24,1,1,1)
INSERT IGNORE party(id,user_id,count,player_id1,player_id2,player_id3,player_id4,player_id5,player_id6,player_id7,player_id8)VALUES(76,2,85,25,1,1,1,1,1,1,1)
INSERT IGNORE party(id,user_id,count,player_id1,player_id2,player_id3,player_id4,player_id5,player_id6,player_id7,player_id8)VALUES(77,2,86,25,25,1,1,1,1,1,1)
INSERT IGNORE party(id,user_id,count,player_id1,player_id2,player_id3,player_id4,player_id5,player_id6,player_id7,player_id8)VALUES(78,2,87,25,25,25,1,1,1,1,1)
INSERT IGNORE party(id,user_id,count,player_id1,player_id2,player_id3,player_id4,player_id5,player_id6,player_id7,player_id8)VALUES(79,2,88,25,25,25,25,1,1,1,1)
INSERT IGNORE party(id,user_id,count,player_id1,player_id2,player_id3,player_id4,player_id5,player_id6,player_id7,player_id8)VALUES(80,2,89,25,24,23,22,21,20,19,18)
INSERT IGNORE party(id,user_id,count,player_id1)VALUES(81,2,90,26)
INSERT IGNORE party(id,user_id,count,player_id1,player_id2,player_id3)VALUES(82,2,91,26,21,21)
INSERT IGNORE party(id,user_id,count,player_id1,player_id2,player_id3)VALUES(83,2,92,26,22,22)
INSERT IGNORE party(id,user_id,count,player_id1,player_id2,player_id3)VALUES(84,2,93,26,23,23)
INSERT IGNORE party(id,user_id,count,player_id1)VALUES(85,2,94,27)
INSERT IGNORE party(id,user_id,count,player_id1,player_id2,player_id3)VALUES(86,2,95,27,24,24)
INSERT IGNORE party(id,user_id,count,player_id1,player_id2,player_id3)VALUES(87,2,96,27,25,25)
INSERT IGNORE party(id,user_id,count,player_id1,player_id2,player_id3)VALUES(88,2,97,27,26,26)
INSERT IGNORE party(id,user_id,count,player_id1)VALUES(89,2,98,28)
INSERT IGNORE party(id,user_id,count,player_id1,player_id2,player_id3,player_id4)VALUES(90,2,99,28,27,26,25)
INSERT IGNORE party(id,user_id,count,player_id1,player_id2,player_id3,player_id4)VALUES(91,2,100,29,28,28,28)
INSERT IGNORE party(id,user_id,count)VALUES(92,1,1)
INSERT IGNORE party(id,user_id,count)VALUES(93,1,2)
INSERT IGNORE party(id,user_id,count)VALUES(94,1,3)
INSERT IGNORE party(id,user_id,count)VALUES(95,1,4)
INSERT IGNORE party(id,user_id,count)VALUES(96,1,5)
INSERT IGNORE party(id,user_id,count)VALUES(97,1,6)
INSERT IGNORE party(id,user_id,count)VALUES(98,1,7)
INSERT IGNORE user(id,username,password,name)VALUES(3,6759805431,'$2a$08$ynOROE2H9FuU04ZzJSKNseFWv9iA6riH4xOJtco4qSdM5jjTxR6HK','提中先生')
INSERT IGNORE user(id,username,password,name)VALUES(4,8278311027,'$2a$08$pXecyEur/rx.1nnhgA6HcOYhFkbZTGoewDwv8ysRthYiDnRwh6LP6','竹内先生')
INSERT IGNORE user(id,username,password,name)VALUES(5,1632617930,'$2a$08$EjvxXxh/fuxKk.Reoo585.J057IO8UNYNTnCTaPHyzPG9afrdzEVW','足立先生')
INSERT IGNORE user(id,username,password,name)VALUES(6,2592379621,'$2a$08$7K5eVPexc6SSKsIoi/VOKOzBjQ79n1aET7W5Uvkw51T13ix7NHumi','廣瀬先生')
INSERT IGNORE user(id,username,password,name)VALUES(7,318612089,'$2a$08$NMDO9i9rXjh1ukLpT5JWtOpbhK55t2PJ6I5EbRQ6gOF9lLwuipci2','石上先生')
INSERT IGNORE user(id,username,password,name)VALUES(8,499119426,'$2a$08$oA54yOiRVaOCjMRRCRGgYO6VUH1PhvaBjN9sw.lDMZCV0CfwZiOzW','今瀬先生')
INSERT IGNORE user(id,username,password,name)VALUES(9,1634297271,'$2a$08$GXdSjRkNtfXwbI.o/VHpXOEMgS/XqReFbcL2kxagmHQUmCMilYLSG','牟田口先生')
INSERT IGNORE user(id,username,password,name)VALUES(10,4179167293,'$2a$08$qNYDsOqhReFTnqp4Bo/FJOAt2Csyok6jUk29sR/BfMjUBVXJIALzK','竜子先生')
INSERT IGNORE user(id,username,password,name)VALUES(11,5209487864,'$2a$08$sVCkexwQ1S1TF7Pns1WpZe4zm/Wtec0MZGzOeDKlI23vpxjSnCuaq','ふぅ')
INSERT IGNORE user(id,username,password,name)VALUES(12,6827812919,'$2a$08$jTNDmvqwDMrORs2A573XN.5CIlWsby2vfbbzX6IFl02GQ/1CAcJwO','ぱせり')
INSERT IGNORE user(id,username,password,name)VALUES(13,525761507,'$2a$08$0TVkMWlvf7807HGVi06gB.yIldQJSvdqsNUHwLUXdxERlEIdX9pYi','ポテ姉')
INSERT IGNORE user(id,username,password,name)VALUES(14,5480917157,'$2a$08$G9.nYb2BezHfGvuCY6JrK.t1DTiGFtCbvlRu9leYftrPvbtnvhlji','関')
INSERT IGNORE user(id,username,password,name)VALUES(15,6265924594,'$2a$08$6tlwnZWdPR0OLgqlPYFMfOpaUpPns1m4BQx1TlsTxAfAi/gsPPN0i','耕壱')
INSERT IGNORE user(id,username,password,name)VALUES(16,2967611814,'$2a$08$8MKbuuzpa783rhzWb8KaUehDT9KOk64IWyoQTRnkJes.KcnH4lzue','寿仁')
INSERT IGNORE user(id,username,password,name)VALUES(17,8022675513,'$2a$08$vAnQqmkPvQ2W8SVaWURTQ.iWuOsfACJDTU1X3JugOq/nf10ibvviy','もやし')
INSERT IGNORE user(id,username,password,name)VALUES(18,776684020,'$2a$08$vp2YjialAXXb98hSYRRqsOM43gEMiJshtU7z2Twn/QRFHNXoL.REO','一輝')
INSERT IGNORE user(id,username,password,name)VALUES(19,6373850630,'$2a$08$isC3NSyt4kEkfYcBVYKkxunP848dpq0NvGSxvLeA66Jz8zSAQQiYC','釜村先生')
INSERT IGNORE user(id,username,password,name)VALUES(20,0250576755,'$2a$08$pKprJpc5XTLtpk6VCPe9TeBvFNbEbGEngfwFTx4YG3sZ8vKs/I6IK','はやっさん')
INSERT IGNORE user(id,username,password,name)VALUES(21,4690492360,'$2a$08$/rY0FQYY8ZQNld/IydXhP.7i6bPcdgldrCWI0buf21Ov9VO5RdGnu','ないと')
INSERT IGNORE user(id,username,password,name)VALUES(22,5452989072,'$2a$08$AIWLEsqSfevY8K6iF39tcuxJdGsDBaB10F5PyYVtk6yZJre0580y2','青木さん')
INSERT IGNORE user(id,username,password,name)VALUES(23,7023693034,'$2a$08$bb5j7Gw32HCs3krwt/8wTe.fAPWuRXktRr0XnPeXLIjjO.2cZAtIi','あっちゃん')
INSERT IGNORE user(id,username,password,name)VALUES(24,8188788793,'$2a$08$1D/c4onLEDiNb5hzTWXTieWd44dfma9UbXwHHiqR5YmxcUTdPQYVm','梅原センパイ')
INSERT IGNORE user(id,username,password,name)VALUES(25,7214328949,'$2a$08$8J5Amx7vEXB49H/Rfo6i3.n8a0L4PLihiTSwzNrPEMWBLyNLdF97a','そら')
INSERT IGNORE user(id,username,password,name)VALUES(26,5264082886,'$2a$08$pHwC59JTpfCIT9SmJiMBkODilPgaVfkc0REbCiunxYqT/rxvX4wJK','そうた')
INSERT IGNORE user(id,username,password,name)VALUES(27,4143928806,'$2a$08$cfzcOsHlfnIbJeMgUhxUEeIlmo173jAqERLUcfrzNzboqn6XsJvSC','まえはた')
INSERT IGNORE user(id,username,password,name)VALUES(28,6577865867,'$2a$08$5FDebZTy1hVEa6UnpBJoFuPSzaBByDTs54KzdQ735.eNaFunvrVD2','いのた')
INSERT IGNORE user(id,username,password,name)VALUES(29,9149963561,'$2a$08$qwvY6puzvjdILwlvp1dBVehpbSImQTkRKlhPBkfKW7XA0MHnjfBMS','さとし')
INSERT IGNORE user(id,username,password,name)VALUES(30,9874241259,'$2a$08$t7fcCcVSSsbOOeYEC6ngLeoR7koFFWwt0ZbpMClXvOfJ85sV7EvzW','江美さん小太郎君')
INSERT IGNORE user(id,username,password,name)VALUES(31,6243601258,'$2a$08$lm4jaEmwfkEVg42dYvGJAensRO1fViE5i0N4OHaTnSS7DkLVurfs.','こはる')
INSERT IGNORE user(id,username,password,name)VALUES(32,4751334225,'$2a$08$xAjTmtVv5bLd4PQav3/koeYDNnhaDC4OxW947/xkxumCZHrMYPh6S','みゆ')
INSERT IGNORE user(id,username,password,name)VALUES(33,1828864992,'$2a$08$fUiKZbr0ugYCRvN5fwORMeCkVfsYOukiYfoV9WZ.m7.8atRASPFSK','けんたろう')
INSERT IGNORE user(id,username,password,name)VALUES(34,6792628044,'$2a$08$1y1xgs7qZLfGZp.fDEW/EucyFJ7cFaFZ2VMfd59yrkUwTpZYYEWUe','ともさん')
INSERT IGNORE user(id,username,password,name)VALUES(35,9075179561,'$2a$08$8qzkufsADWfOvDS20TgpGug4YEG3rDNglFtkF7ptUCpxEZgvLwo8e','あおと')
INSERT IGNORE user(id,username,password,name)VALUES(36,0155362377,'$2a$08$vAlUHi5e9Zm8xO6avc3uSey3aUgFFGi6iLahwb5vQ3VUYrrK.NHCW','克仁')
INSERT IGNORE user(id,username,password,name)VALUES(37,4455629456,'$2a$08$z4BgL5OFCq4Wc2VPiHS3ButDUnS.bacxaeEPzE/GVc90sccHD3XTi','たいせい')
INSERT IGNORE user(id,username,password,name)VALUES(38,8287811097,'$2a$08$vfanP625tlNphe/qbGrkB.8H0Sw.qCEJJBx/EO3gSP7I3/cQU7Jem','かずし')
INSERT IGNORE user(id,username,password,name)VALUES(39,0618780848,'$2a$08$u1s5iziVAszD6fu3ADEi5eUA.f1j9TkheSr9A8ZHFgSfLltTkR2ay','あゆ')
INSERT IGNORE user(id,username,password,name)VALUES(40,0110305827,'$2a$08$qQ/jM91slyg3zyGX3sfhruVylbElHXJsbDCmMrvHbxspclnqJaPDK','なつき')
INSERT IGNORE user(id,username,password,name)VALUES(41,8960698274,'$2a$08$YoC/F8M9HyTHYxBRXmLquORFo/N/tOptrKprmg5mr3gUZH6xZ0rxu','みよし')
INSERT IGNORE user(id,username,password,name)VALUES(42,9947538406,'$2a$08$/Xt4sbDramFG77mnSLv/oOHL2cxhyUeFBKIiKjY2BSxCStZIhp7y2','さくや')
INSERT IGNORE user(id,username,password,name)VALUES(43,0123859542,'$2a$08$E8cfSNILPVMFnIlqPvqqR.ZN5RC7dZnvpCtleLIyIdSeBCOh5EbiC','そう')
INSERT IGNORE user(id,username,password,name)VALUES(44,0632048517,'$2a$08$wLAAafhLQlud/VIupDGZ7.yLxunSAUaE4BzlqVVEunpNogPc3y0nm','ざきさん')
INSERT IGNORE user(id,username,password,name)VALUES(45,8466111663,'$2a$08$fA2IQKI9.263kIObHFdqq.c5vtIBtg2XPKsOA3c5HaSFSoPW70zj2','ひびき')
INSERT IGNORE user(id,username,password,name)VALUES(46,4201897851,'$2a$08$U1LyWYWMrFAvXURxse7nk.QKzdwmFHFB4kfunzduIfyx5lDbEBfD6','かいき')
INSERT IGNORE user(id,username,password,name)VALUES(47,3902203104,'$2a$08$2Hi9Yy/RYhKxR0eGY9Wn0uXHD9j2zPDl2FkrSZ0bwXJJTnAkqmGQC','そうすけ')
INSERT IGNORE user(id,username,password,name)VALUES(48,9030385601,'$2a$08$CU3h9UWdJw4Enh62hA4zvuz0Jt2WTH7XE.bDQia3agUXopQh35f8e','こころ')
INSERT IGNORE user(id,username,password,name)VALUES(49,5111093485,'$2a$08$nNeM2EJCVvezGWD0h.VECOy/bQgIlYlVwRc5D8qHCP.bjTucRnb8K','すず')
INSERT IGNORE user(id,username,password,name)VALUES(50,2593318155,'$2a$08$Exu.WOoP7vVV.X4GzX7GJuC/zJR0iBkdCsEVFXNYffUgk3jvPpOc.','しほ')
INSERT IGNORE user(id,username,password,name)VALUES(51,7661117970,'$2a$08$/NKYNWP3iIcVkKa2liZQ7.1evNPzM8VBBoiSpMy74Uowt3eaUJFY.','つかも')
INSERT IGNORE user(id,username,password,name)VALUES(52,1450338650,'$2a$08$rQjVteG2/5ZrRP6GGNiZtOXTaGfeD1TpJoN.BHmHKpIsAeLfaxy42','ばんすけ')
INSERT IGNORE user(id,username,password,name)VALUES(53,4817057025,'$2a$08$cnCldG79mdt1N77EhbwuY.m.RGijIyRi0BSrLVpykparDlhweYDHW','たいき')
INSERT IGNORE user(id,username,password,name)VALUES(54,1503266341,'$2a$08$XVlC.OwH9J2s4AuA1KMNyumCQZtGKmuywg7K3u5UIbBmsrXTMqZ1S','吉さん')
INSERT IGNORE user(id,username,password,name)VALUES(55,3211397399,'$2a$08$CZIWxucrnvYiYaK0Q7XmaOs1DTeyCyE19ltdteLgrC9qx6/tr1hAC','小藪君')
INSERT IGNORE user(id,username,password,name)VALUES(56,1510741475,'$2a$08$z.YdDaK6GxTSnEGe1Z1Ja.wblft61kIyIfwTDA/bqUlwXJa.XugK.','暇人')
INSERT IGNORE user(id,username,password,name)VALUES(57,5078386700,'$2a$08$BsBegWD3w40LKqlCw7ESj.Mz2tPXvsXZ/dvtcpOTmchLzz1BthbQC','すー')
INSERT IGNORE user(id,username,password,name)VALUES(58,9843285505,'$2a$08$wIxBmVXstP7kOiqC1twCHuIw.MplRBXdSsyQRH0XSmuVwxR1vGD7S','寛乃')
INSERT IGNORE user(id,username,password,name)VALUES(59,4707923708,'$2a$08$oJrRn/FbUuum9i4lgKd4XORQKwJ6vEk1GMiOGUqAgMXOQvFsszVBa','マチ')
INSERT IGNORE user(id,username,password,name)VALUES(60,3331113597,'$2a$08$t9V7gSDQKBhhmQhDX6uB..XoSC7tuVYvehoSHDFHPkMKAqxQisfBO','陸部')
INSERT IGNORE user(id,username,password,name)VALUES(61,8822798188,'$2a$08$u1L0anK6u9T/qqqz5TZASO0./LjOgDH4isVE21CUeGB24XMY/tHoK','ブサボじゃない自信持て')
INSERT IGNORE user_info(id,user_id,time,money)VALUES(2,3,0,100000)
INSERT IGNORE user_info(id,user_id,time,money)VALUES(3,4,0,100000)
INSERT IGNORE user_info(id,user_id,time,money)VALUES(4,5,0,100000)
INSERT IGNORE user_info(id,user_id,time,money)VALUES(5,6,0,100000)
INSERT IGNORE user_info(id,user_id,time,money)VALUES(6,7,0,100000)
INSERT IGNORE user_info(id,user_id,time,money)VALUES(7,8,0,100000)
INSERT IGNORE user_info(id,user_id,time,money)VALUES(8,9,0,100000)
INSERT IGNORE user_info(id,user_id,time,money)VALUES(9,10,0,100000)
INSERT IGNORE user_info(id,user_id,time,money)VALUES(10,11,0,100000)
INSERT IGNORE user_info(id,user_id,time,money)VALUES(11,12,0,100000)
INSERT IGNORE user_info(id,user_id,time,money)VALUES(12,13,0,100000)
INSERT IGNORE user_info(id,user_id,time,money)VALUES(13,14,0,100000)
INSERT IGNORE user_info(id,user_id,time,money)VALUES(14,15,0,100000)
INSERT IGNORE user_info(id,user_id,time,money)VALUES(15,16,0,100000)
INSERT IGNORE user_info(id,user_id,time,money)VALUES(16,17,0,100000)
INSERT IGNORE user_info(id,user_id,time,money)VALUES(17,18,0,100000)
INSERT IGNORE user_info(id,user_id,time,money)VALUES(18,19,0,100000)
INSERT IGNORE user_info(id,user_id,time,money)VALUES(19,20,0,100000)
INSERT IGNORE user_info(id,user_id,time,money)VALUES(20,21,0,100000)
INSERT IGNORE user_info(id,user_id,time,money)VALUES(21,22,0,100000)
INSERT IGNORE user_info(id,user_id,time,money)VALUES(22,23,0,100000)
INSERT IGNORE user_info(id,user_id,time,money)VALUES(23,24,0,100000)
INSERT IGNORE user_info(id,user_id,time,money)VALUES(24,25,0,100000)
INSERT IGNORE user_info(id,user_id,time,money)VALUES(25,26,0,100000)
INSERT IGNORE user_info(id,user_id,time,money)VALUES(26,27,0,100000)
INSERT IGNORE user_info(id,user_id,time,money)VALUES(27,28,0,100000)
INSERT IGNORE user_info(id,user_id,time,money)VALUES(28,29,0,100000)
INSERT IGNORE user_info(id,user_id,time,money)VALUES(29,30,0,100000)
INSERT IGNORE user_info(id,user_id,time,money)VALUES(30,31,0,100000)
INSERT IGNORE user_info(id,user_id,time,money)VALUES(31,32,0,100000)
INSERT IGNORE user_info(id,user_id,time,money)VALUES(32,33,0,100000)
INSERT IGNORE user_info(id,user_id,time,money)VALUES(33,34,0,100000)
INSERT IGNORE user_info(id,user_id,time,money)VALUES(34,35,0,100000)
INSERT IGNORE user_info(id,user_id,time,money)VALUES(35,36,0,100000)
INSERT IGNORE user_info(id,user_id,time,money)VALUES(36,37,0,100000)
INSERT IGNORE user_info(id,user_id,time,money)VALUES(37,38,0,100000)
INSERT IGNORE user_info(id,user_id,time,money)VALUES(38,39,0,100000)
INSERT IGNORE user_info(id,user_id,time,money)VALUES(39,40,0,100000)
INSERT IGNORE user_info(id,user_id,time,money)VALUES(40,41,0,100000)
INSERT IGNORE user_info(id,user_id,time,money)VALUES(41,42,0,100000)
INSERT IGNORE user_info(id,user_id,time,money)VALUES(42,43,0,100000)
INSERT IGNORE user_info(id,user_id,time,money)VALUES(43,44,0,100000)
INSERT IGNORE user_info(id,user_id,time,money)VALUES(44,45,0,100000)
INSERT IGNORE user_info(id,user_id,time,money)VALUES(45,46,0,100000)
INSERT IGNORE user_info(id,user_id,time,money)VALUES(46,47,0,100000)
INSERT IGNORE user_info(id,user_id,time,money)VALUES(47,48,0,100000)
INSERT IGNORE user_info(id,user_id,time,money)VALUES(48,49,0,100000)
INSERT IGNORE user_info(id,user_id,time,money)VALUES(49,50,0,100000)
INSERT IGNORE user_info(id,user_id,time,money)VALUES(50,51,0,100000)
INSERT IGNORE user_info(id,user_id,time,money)VALUES(51,52,0,100000)
INSERT IGNORE user_info(id,user_id,time,money)VALUES(52,53,0,100000)
INSERT IGNORE user_info(id,user_id,time,money)VALUES(53,54,0,100000)
INSERT IGNORE user_info(id,user_id,time,money)VALUES(54,55,0,100000)
INSERT IGNORE user_info(id,user_id,time,money)VALUES(55,56,0,100000)
INSERT IGNORE user_info(id,user_id,time,money)VALUES(56,57,0,100000)
INSERT IGNORE user_info(id,user_id,time,money)VALUES(57,58,0,100000)
INSERT IGNORE user_info(id,user_id,time,money)VALUES(58,59,0,100000)
INSERT IGNORE user_info(id,user_id,time,money)VALUES(59,60,0,100000)
INSERT IGNORE user_info(id,user_id,time,money)VALUES(60,61,0,100000)
INSERT IGNORE party(id,user_id,count)VALUES(99,3,1)
INSERT IGNORE party(id,user_id,count)VALUES(106,4,1)
INSERT IGNORE party(id,user_id,count)VALUES(113,5,1)
INSERT IGNORE party(id,user_id,count)VALUES(120,6,1)
INSERT IGNORE party(id,user_id,count)VALUES(127,7,1)
INSERT IGNORE party(id,user_id,count)VALUES(134,8,1)
INSERT IGNORE party(id,user_id,count)VALUES(141,9,1)
INSERT IGNORE party(id,user_id,count)VALUES(148,10,1)
INSERT IGNORE party(id,user_id,count)VALUES(155,11,1)
INSERT IGNORE party(id,user_id,count)VALUES(162,12,1)
INSERT IGNORE party(id,user_id,count)VALUES(169,13,1)
INSERT IGNORE party(id,user_id,count)VALUES(176,14,1)
INSERT IGNORE party(id,user_id,count)VALUES(183,15,1)
INSERT IGNORE party(id,user_id,count)VALUES(190,16,1)
INSERT IGNORE party(id,user_id,count)VALUES(197,17,1)
INSERT IGNORE party(id,user_id,count)VALUES(204,18,1)
INSERT IGNORE party(id,user_id,count)VALUES(211,19,1)
INSERT IGNORE party(id,user_id,count)VALUES(218,20,1)
INSERT IGNORE party(id,user_id,count)VALUES(225,21,1)
INSERT IGNORE party(id,user_id,count)VALUES(232,22,1)
INSERT IGNORE party(id,user_id,count)VALUES(239,23,1)
INSERT IGNORE party(id,user_id,count)VALUES(246,24,1)
INSERT IGNORE party(id,user_id,count)VALUES(253,25,1)
INSERT IGNORE party(id,user_id,count)VALUES(260,26,1)
INSERT IGNORE party(id,user_id,count)VALUES(267,27,1)
INSERT IGNORE party(id,user_id,count)VALUES(274,28,1)
INSERT IGNORE party(id,user_id,count)VALUES(281,29,1)
INSERT IGNORE party(id,user_id,count)VALUES(288,30,1)
INSERT IGNORE party(id,user_id,count)VALUES(295,31,1)
INSERT IGNORE party(id,user_id,count)VALUES(302,32,1)
INSERT IGNORE party(id,user_id,count)VALUES(309,33,1)
INSERT IGNORE party(id,user_id,count)VALUES(316,34,1)
INSERT IGNORE party(id,user_id,count)VALUES(323,35,1)
INSERT IGNORE party(id,user_id,count)VALUES(330,36,1)
INSERT IGNORE party(id,user_id,count)VALUES(337,37,1)
INSERT IGNORE party(id,user_id,count)VALUES(344,38,1)
INSERT IGNORE party(id,user_id,count)VALUES(351,39,1)
INSERT IGNORE party(id,user_id,count)VALUES(358,40,1)
INSERT IGNORE party(id,user_id,count)VALUES(365,41,1)
INSERT IGNORE party(id,user_id,count)VALUES(372,42,1)
INSERT IGNORE party(id,user_id,count)VALUES(379,43,1)
INSERT IGNORE party(id,user_id,count)VALUES(386,44,1)
INSERT IGNORE party(id,user_id,count)VALUES(393,45,1)
INSERT IGNORE party(id,user_id,count)VALUES(400,46,1)
INSERT IGNORE party(id,user_id,count)VALUES(407,47,1)
INSERT IGNORE party(id,user_id,count)VALUES(414,48,1)
INSERT IGNORE party(id,user_id,count)VALUES(421,49,1)
INSERT IGNORE party(id,user_id,count)VALUES(428,50,1)
INSERT IGNORE party(id,user_id,count)VALUES(435,51,1)
INSERT IGNORE party(id,user_id,count)VALUES(442,52,1)
INSERT IGNORE party(id,user_id,count)VALUES(449,53,1)
INSERT IGNORE party(id,user_id,count)VALUES(456,54,1)
INSERT IGNORE party(id,user_id,count)VALUES(463,55,1)
INSERT IGNORE party(id,user_id,count)VALUES(470,56,1)
INSERT IGNORE party(id,user_id,count)VALUES(477,57,1)
INSERT IGNORE party(id,user_id,count)VALUES(484,58,1)
INSERT IGNORE party(id,user_id,count)VALUES(491,59,1)
INSERT IGNORE party(id,user_id,count)VALUES(498,60,1)
INSERT IGNORE party(id,user_id,count)VALUES(505,61,1)
INSERT IGNORE party(id,user_id,count)VALUES(100,3,2)
INSERT IGNORE party(id,user_id,count)VALUES(107,4,2)
INSERT IGNORE party(id,user_id,count)VALUES(114,5,2)
INSERT IGNORE party(id,user_id,count)VALUES(121,6,2)
INSERT IGNORE party(id,user_id,count)VALUES(128,7,2)
INSERT IGNORE party(id,user_id,count)VALUES(135,8,2)
INSERT IGNORE party(id,user_id,count)VALUES(142,9,2)
INSERT IGNORE party(id,user_id,count)VALUES(149,10,2)
INSERT IGNORE party(id,user_id,count)VALUES(156,11,2)
INSERT IGNORE party(id,user_id,count)VALUES(163,12,2)
INSERT IGNORE party(id,user_id,count)VALUES(170,13,2)
INSERT IGNORE party(id,user_id,count)VALUES(177,14,2)
INSERT IGNORE party(id,user_id,count)VALUES(184,15,2)
INSERT IGNORE party(id,user_id,count)VALUES(191,16,2)
INSERT IGNORE party(id,user_id,count)VALUES(198,17,2)
INSERT IGNORE party(id,user_id,count)VALUES(205,18,2)
INSERT IGNORE party(id,user_id,count)VALUES(212,19,2)
INSERT IGNORE party(id,user_id,count)VALUES(219,20,2)
INSERT IGNORE party(id,user_id,count)VALUES(226,21,2)
INSERT IGNORE party(id,user_id,count)VALUES(233,22,2)
INSERT IGNORE party(id,user_id,count)VALUES(240,23,2)
INSERT IGNORE party(id,user_id,count)VALUES(247,24,2)
INSERT IGNORE party(id,user_id,count)VALUES(254,25,2)
INSERT IGNORE party(id,user_id,count)VALUES(261,26,2)
INSERT IGNORE party(id,user_id,count)VALUES(268,27,2)
INSERT IGNORE party(id,user_id,count)VALUES(275,28,2)
INSERT IGNORE party(id,user_id,count)VALUES(282,29,2)
INSERT IGNORE party(id,user_id,count)VALUES(289,30,2)
INSERT IGNORE party(id,user_id,count)VALUES(296,31,2)
INSERT IGNORE party(id,user_id,count)VALUES(303,32,2)
INSERT IGNORE party(id,user_id,count)VALUES(310,33,2)
INSERT IGNORE party(id,user_id,count)VALUES(317,34,2)
INSERT IGNORE party(id,user_id,count)VALUES(324,35,2)
INSERT IGNORE party(id,user_id,count)VALUES(331,36,2)
INSERT IGNORE party(id,user_id,count)VALUES(338,37,2)
INSERT IGNORE party(id,user_id,count)VALUES(345,38,2)
INSERT IGNORE party(id,user_id,count)VALUES(352,39,2)
INSERT IGNORE party(id,user_id,count)VALUES(359,40,2)
INSERT IGNORE party(id,user_id,count)VALUES(366,41,2)
INSERT IGNORE party(id,user_id,count)VALUES(373,42,2)
INSERT IGNORE party(id,user_id,count)VALUES(380,43,2)
INSERT IGNORE party(id,user_id,count)VALUES(387,44,2)
INSERT IGNORE party(id,user_id,count)VALUES(394,45,2)
INSERT IGNORE party(id,user_id,count)VALUES(401,46,2)
INSERT IGNORE party(id,user_id,count)VALUES(408,47,2)
INSERT IGNORE party(id,user_id,count)VALUES(415,48,2)
INSERT IGNORE party(id,user_id,count)VALUES(422,49,2)
INSERT IGNORE party(id,user_id,count)VALUES(429,50,2)
INSERT IGNORE party(id,user_id,count)VALUES(436,51,2)
INSERT IGNORE party(id,user_id,count)VALUES(443,52,2)
INSERT IGNORE party(id,user_id,count)VALUES(450,53,2)
INSERT IGNORE party(id,user_id,count)VALUES(457,54,2)
INSERT IGNORE party(id,user_id,count)VALUES(464,55,2)
INSERT IGNORE party(id,user_id,count)VALUES(471,56,2)
INSERT IGNORE party(id,user_id,count)VALUES(478,57,2)
INSERT IGNORE party(id,user_id,count)VALUES(485,58,2)
INSERT IGNORE party(id,user_id,count)VALUES(492,59,2)
INSERT IGNORE party(id,user_id,count)VALUES(499,60,2)
INSERT IGNORE party(id,user_id,count)VALUES(506,61,2)
INSERT IGNORE party(id,user_id,count)VALUES(101,3,3)
INSERT IGNORE party(id,user_id,count)VALUES(108,4,3)
INSERT IGNORE party(id,user_id,count)VALUES(115,5,3)
INSERT IGNORE party(id,user_id,count)VALUES(122,6,3)
INSERT IGNORE party(id,user_id,count)VALUES(129,7,3)
INSERT IGNORE party(id,user_id,count)VALUES(136,8,3)
INSERT IGNORE party(id,user_id,count)VALUES(143,9,3)
INSERT IGNORE party(id,user_id,count)VALUES(150,10,3)
INSERT IGNORE party(id,user_id,count)VALUES(157,11,3)
INSERT IGNORE party(id,user_id,count)VALUES(164,12,3)
INSERT IGNORE party(id,user_id,count)VALUES(171,13,3)
INSERT IGNORE party(id,user_id,count)VALUES(178,14,3)
INSERT IGNORE party(id,user_id,count)VALUES(185,15,3)
INSERT IGNORE party(id,user_id,count)VALUES(192,16,3)
INSERT IGNORE party(id,user_id,count)VALUES(199,17,3)
INSERT IGNORE party(id,user_id,count)VALUES(206,18,3)
INSERT IGNORE party(id,user_id,count)VALUES(213,19,3)
INSERT IGNORE party(id,user_id,count)VALUES(220,20,3)
INSERT IGNORE party(id,user_id,count)VALUES(227,21,3)
INSERT IGNORE party(id,user_id,count)VALUES(234,22,3)
INSERT IGNORE party(id,user_id,count)VALUES(241,23,3)
INSERT IGNORE party(id,user_id,count)VALUES(248,24,3)
INSERT IGNORE party(id,user_id,count)VALUES(255,25,3)
INSERT IGNORE party(id,user_id,count)VALUES(262,26,3)
INSERT IGNORE party(id,user_id,count)VALUES(269,27,3)
INSERT IGNORE party(id,user_id,count)VALUES(276,28,3)
INSERT IGNORE party(id,user_id,count)VALUES(283,29,3)
INSERT IGNORE party(id,user_id,count)VALUES(290,30,3)
INSERT IGNORE party(id,user_id,count)VALUES(297,31,3)
INSERT IGNORE party(id,user_id,count)VALUES(304,32,3)
INSERT IGNORE party(id,user_id,count)VALUES(311,33,3)
INSERT IGNORE party(id,user_id,count)VALUES(318,34,3)
INSERT IGNORE party(id,user_id,count)VALUES(325,35,3)
INSERT IGNORE party(id,user_id,count)VALUES(332,36,3)
INSERT IGNORE party(id,user_id,count)VALUES(339,37,3)
INSERT IGNORE party(id,user_id,count)VALUES(346,38,3)
INSERT IGNORE party(id,user_id,count)VALUES(353,39,3)
INSERT IGNORE party(id,user_id,count)VALUES(360,40,3)
INSERT IGNORE party(id,user_id,count)VALUES(367,41,3)
INSERT IGNORE party(id,user_id,count)VALUES(374,42,3)
INSERT IGNORE party(id,user_id,count)VALUES(381,43,3)
INSERT IGNORE party(id,user_id,count)VALUES(388,44,3)
INSERT IGNORE party(id,user_id,count)VALUES(395,45,3)
INSERT IGNORE party(id,user_id,count)VALUES(402,46,3)
INSERT IGNORE party(id,user_id,count)VALUES(409,47,3)
INSERT IGNORE party(id,user_id,count)VALUES(416,48,3)
INSERT IGNORE party(id,user_id,count)VALUES(423,49,3)
INSERT IGNORE party(id,user_id,count)VALUES(430,50,3)
INSERT IGNORE party(id,user_id,count)VALUES(437,51,3)
INSERT IGNORE party(id,user_id,count)VALUES(444,52,3)
INSERT IGNORE party(id,user_id,count)VALUES(451,53,3)
INSERT IGNORE party(id,user_id,count)VALUES(458,54,3)
INSERT IGNORE party(id,user_id,count)VALUES(465,55,3)
INSERT IGNORE party(id,user_id,count)VALUES(472,56,3)
INSERT IGNORE party(id,user_id,count)VALUES(479,57,3)
INSERT IGNORE party(id,user_id,count)VALUES(486,58,3)
INSERT IGNORE party(id,user_id,count)VALUES(493,59,3)
INSERT IGNORE party(id,user_id,count)VALUES(500,60,3)
INSERT IGNORE party(id,user_id,count)VALUES(507,61,3)
INSERT IGNORE party(id,user_id,count)VALUES(102,3,4)
INSERT IGNORE party(id,user_id,count)VALUES(109,4,4)
INSERT IGNORE party(id,user_id,count)VALUES(116,5,4)
INSERT IGNORE party(id,user_id,count)VALUES(123,6,4)
INSERT IGNORE party(id,user_id,count)VALUES(130,7,4)
INSERT IGNORE party(id,user_id,count)VALUES(137,8,4)
INSERT IGNORE party(id,user_id,count)VALUES(144,9,4)
INSERT IGNORE party(id,user_id,count)VALUES(151,10,4)
INSERT IGNORE party(id,user_id,count)VALUES(158,11,4)
INSERT IGNORE party(id,user_id,count)VALUES(165,12,4)
INSERT IGNORE party(id,user_id,count)VALUES(172,13,4)
INSERT IGNORE party(id,user_id,count)VALUES(179,14,4)
INSERT IGNORE party(id,user_id,count)VALUES(186,15,4)
INSERT IGNORE party(id,user_id,count)VALUES(193,16,4)
INSERT IGNORE party(id,user_id,count)VALUES(200,17,4)
INSERT IGNORE party(id,user_id,count)VALUES(207,18,4)
INSERT IGNORE party(id,user_id,count)VALUES(214,19,4)
INSERT IGNORE party(id,user_id,count)VALUES(221,20,4)
INSERT IGNORE party(id,user_id,count)VALUES(228,21,4)
INSERT IGNORE party(id,user_id,count)VALUES(235,22,4)
INSERT IGNORE party(id,user_id,count)VALUES(242,23,4)
INSERT IGNORE party(id,user_id,count)VALUES(249,24,4)
INSERT IGNORE party(id,user_id,count)VALUES(256,25,4)
INSERT IGNORE party(id,user_id,count)VALUES(263,26,4)
INSERT IGNORE party(id,user_id,count)VALUES(270,27,4)
INSERT IGNORE party(id,user_id,count)VALUES(277,28,4)
INSERT IGNORE party(id,user_id,count)VALUES(284,29,4)
INSERT IGNORE party(id,user_id,count)VALUES(291,30,4)
INSERT IGNORE party(id,user_id,count)VALUES(298,31,4)
INSERT IGNORE party(id,user_id,count)VALUES(305,32,4)
INSERT IGNORE party(id,user_id,count)VALUES(312,33,4)
INSERT IGNORE party(id,user_id,count)VALUES(319,34,4)
INSERT IGNORE party(id,user_id,count)VALUES(326,35,4)
INSERT IGNORE party(id,user_id,count)VALUES(333,36,4)
INSERT IGNORE party(id,user_id,count)VALUES(340,37,4)
INSERT IGNORE party(id,user_id,count)VALUES(347,38,4)
INSERT IGNORE party(id,user_id,count)VALUES(354,39,4)
INSERT IGNORE party(id,user_id,count)VALUES(361,40,4)
INSERT IGNORE party(id,user_id,count)VALUES(368,41,4)
INSERT IGNORE party(id,user_id,count)VALUES(375,42,4)
INSERT IGNORE party(id,user_id,count)VALUES(382,43,4)
INSERT IGNORE party(id,user_id,count)VALUES(389,44,4)
INSERT IGNORE party(id,user_id,count)VALUES(396,45,4)
INSERT IGNORE party(id,user_id,count)VALUES(403,46,4)
INSERT IGNORE party(id,user_id,count)VALUES(410,47,4)
INSERT IGNORE party(id,user_id,count)VALUES(417,48,4)
INSERT IGNORE party(id,user_id,count)VALUES(424,49,4)
INSERT IGNORE party(id,user_id,count)VALUES(431,50,4)
INSERT IGNORE party(id,user_id,count)VALUES(438,51,4)
INSERT IGNORE party(id,user_id,count)VALUES(445,52,4)
INSERT IGNORE party(id,user_id,count)VALUES(452,53,4)
INSERT IGNORE party(id,user_id,count)VALUES(459,54,4)
INSERT IGNORE party(id,user_id,count)VALUES(466,55,4)
INSERT IGNORE party(id,user_id,count)VALUES(473,56,4)
INSERT IGNORE party(id,user_id,count)VALUES(480,57,4)
INSERT IGNORE party(id,user_id,count)VALUES(487,58,4)
INSERT IGNORE party(id,user_id,count)VALUES(494,59,4)
INSERT IGNORE party(id,user_id,count)VALUES(501,60,4)
INSERT IGNORE party(id,user_id,count)VALUES(508,61,4)
INSERT IGNORE party(id,user_id,count)VALUES(103,3,5)
INSERT IGNORE party(id,user_id,count)VALUES(110,4,5)
INSERT IGNORE party(id,user_id,count)VALUES(117,5,5)
INSERT IGNORE party(id,user_id,count)VALUES(124,6,5)
INSERT IGNORE party(id,user_id,count)VALUES(131,7,5)
INSERT IGNORE party(id,user_id,count)VALUES(138,8,5)
INSERT IGNORE party(id,user_id,count)VALUES(145,9,5)
INSERT IGNORE party(id,user_id,count)VALUES(152,10,5)
INSERT IGNORE party(id,user_id,count)VALUES(159,11,5)
INSERT IGNORE party(id,user_id,count)VALUES(166,12,5)
INSERT IGNORE party(id,user_id,count)VALUES(173,13,5)
INSERT IGNORE party(id,user_id,count)VALUES(180,14,5)
INSERT IGNORE party(id,user_id,count)VALUES(187,15,5)
INSERT IGNORE party(id,user_id,count)VALUES(194,16,5)
INSERT IGNORE party(id,user_id,count)VALUES(201,17,5)
INSERT IGNORE party(id,user_id,count)VALUES(208,18,5)
INSERT IGNORE party(id,user_id,count)VALUES(215,19,5)
INSERT IGNORE party(id,user_id,count)VALUES(222,20,5)
INSERT IGNORE party(id,user_id,count)VALUES(229,21,5)
INSERT IGNORE party(id,user_id,count)VALUES(236,22,5)
INSERT IGNORE party(id,user_id,count)VALUES(243,23,5)
INSERT IGNORE party(id,user_id,count)VALUES(250,24,5)
INSERT IGNORE party(id,user_id,count)VALUES(257,25,5)
INSERT IGNORE party(id,user_id,count)VALUES(264,26,5)
INSERT IGNORE party(id,user_id,count)VALUES(271,27,5)
INSERT IGNORE party(id,user_id,count)VALUES(278,28,5)
INSERT IGNORE party(id,user_id,count)VALUES(285,29,5)
INSERT IGNORE party(id,user_id,count)VALUES(292,30,5)
INSERT IGNORE party(id,user_id,count)VALUES(299,31,5)
INSERT IGNORE party(id,user_id,count)VALUES(306,32,5)
INSERT IGNORE party(id,user_id,count)VALUES(313,33,5)
INSERT IGNORE party(id,user_id,count)VALUES(320,34,5)
INSERT IGNORE party(id,user_id,count)VALUES(327,35,5)
INSERT IGNORE party(id,user_id,count)VALUES(334,36,5)
INSERT IGNORE party(id,user_id,count)VALUES(341,37,5)
INSERT IGNORE party(id,user_id,count)VALUES(348,38,5)
INSERT IGNORE party(id,user_id,count)VALUES(355,39,5)
INSERT IGNORE party(id,user_id,count)VALUES(362,40,5)
INSERT IGNORE party(id,user_id,count)VALUES(369,41,5)
INSERT IGNORE party(id,user_id,count)VALUES(376,42,5)
INSERT IGNORE party(id,user_id,count)VALUES(383,43,5)
INSERT IGNORE party(id,user_id,count)VALUES(390,44,5)
INSERT IGNORE party(id,user_id,count)VALUES(397,45,5)
INSERT IGNORE party(id,user_id,count)VALUES(404,46,5)
INSERT IGNORE party(id,user_id,count)VALUES(411,47,5)
INSERT IGNORE party(id,user_id,count)VALUES(418,48,5)
INSERT IGNORE party(id,user_id,count)VALUES(425,49,5)
INSERT IGNORE party(id,user_id,count)VALUES(432,50,5)
INSERT IGNORE party(id,user_id,count)VALUES(439,51,5)
INSERT IGNORE party(id,user_id,count)VALUES(446,52,5)
INSERT IGNORE party(id,user_id,count)VALUES(453,53,5)
INSERT IGNORE party(id,user_id,count)VALUES(460,54,5)
INSERT IGNORE party(id,user_id,count)VALUES(467,55,5)
INSERT IGNORE party(id,user_id,count)VALUES(474,56,5)
INSERT IGNORE party(id,user_id,count)VALUES(481,57,5)
INSERT IGNORE party(id,user_id,count)VALUES(488,58,5)
INSERT IGNORE party(id,user_id,count)VALUES(495,59,5)
INSERT IGNORE party(id,user_id,count)VALUES(502,60,5)
INSERT IGNORE party(id,user_id,count)VALUES(509,61,5)
INSERT IGNORE party(id,user_id,count)VALUES(104,3,6)
INSERT IGNORE party(id,user_id,count)VALUES(111,4,6)
INSERT IGNORE party(id,user_id,count)VALUES(118,5,6)
INSERT IGNORE party(id,user_id,count)VALUES(125,6,6)
INSERT IGNORE party(id,user_id,count)VALUES(132,7,6)
INSERT IGNORE party(id,user_id,count)VALUES(139,8,6)
INSERT IGNORE party(id,user_id,count)VALUES(146,9,6)
INSERT IGNORE party(id,user_id,count)VALUES(153,10,6)
INSERT IGNORE party(id,user_id,count)VALUES(160,11,6)
INSERT IGNORE party(id,user_id,count)VALUES(167,12,6)
INSERT IGNORE party(id,user_id,count)VALUES(174,13,6)
INSERT IGNORE party(id,user_id,count)VALUES(181,14,6)
INSERT IGNORE party(id,user_id,count)VALUES(188,15,6)
INSERT IGNORE party(id,user_id,count)VALUES(195,16,6)
INSERT IGNORE party(id,user_id,count)VALUES(202,17,6)
INSERT IGNORE party(id,user_id,count)VALUES(209,18,6)
INSERT IGNORE party(id,user_id,count)VALUES(216,19,6)
INSERT IGNORE party(id,user_id,count)VALUES(223,20,6)
INSERT IGNORE party(id,user_id,count)VALUES(230,21,6)
INSERT IGNORE party(id,user_id,count)VALUES(237,22,6)
INSERT IGNORE party(id,user_id,count)VALUES(244,23,6)
INSERT IGNORE party(id,user_id,count)VALUES(251,24,6)
INSERT IGNORE party(id,user_id,count)VALUES(258,25,6)
INSERT IGNORE party(id,user_id,count)VALUES(265,26,6)
INSERT IGNORE party(id,user_id,count)VALUES(272,27,6)
INSERT IGNORE party(id,user_id,count)VALUES(279,28,6)
INSERT IGNORE party(id,user_id,count)VALUES(286,29,6)
INSERT IGNORE party(id,user_id,count)VALUES(293,30,6)
INSERT IGNORE party(id,user_id,count)VALUES(300,31,6)
INSERT IGNORE party(id,user_id,count)VALUES(307,32,6)
INSERT IGNORE party(id,user_id,count)VALUES(314,33,6)
INSERT IGNORE party(id,user_id,count)VALUES(321,34,6)
INSERT IGNORE party(id,user_id,count)VALUES(328,35,6)
INSERT IGNORE party(id,user_id,count)VALUES(335,36,6)
INSERT IGNORE party(id,user_id,count)VALUES(342,37,6)
INSERT IGNORE party(id,user_id,count)VALUES(349,38,6)
INSERT IGNORE party(id,user_id,count)VALUES(356,39,6)
INSERT IGNORE party(id,user_id,count)VALUES(363,40,6)
INSERT IGNORE party(id,user_id,count)VALUES(370,41,6)
INSERT IGNORE party(id,user_id,count)VALUES(377,42,6)
INSERT IGNORE party(id,user_id,count)VALUES(384,43,6)
INSERT IGNORE party(id,user_id,count)VALUES(391,44,6)
INSERT IGNORE party(id,user_id,count)VALUES(398,45,6)
INSERT IGNORE party(id,user_id,count)VALUES(405,46,6)
INSERT IGNORE party(id,user_id,count)VALUES(412,47,6)
INSERT IGNORE party(id,user_id,count)VALUES(419,48,6)
INSERT IGNORE party(id,user_id,count)VALUES(426,49,6)
INSERT IGNORE party(id,user_id,count)VALUES(433,50,6)
INSERT IGNORE party(id,user_id,count)VALUES(440,51,6)
INSERT IGNORE party(id,user_id,count)VALUES(447,52,6)
INSERT IGNORE party(id,user_id,count)VALUES(454,53,6)
INSERT IGNORE party(id,user_id,count)VALUES(461,54,6)
INSERT IGNORE party(id,user_id,count)VALUES(468,55,6)
INSERT IGNORE party(id,user_id,count)VALUES(475,56,6)
INSERT IGNORE party(id,user_id,count)VALUES(482,57,6)
INSERT IGNORE party(id,user_id,count)VALUES(489,58,6)
INSERT IGNORE party(id,user_id,count)VALUES(496,59,6)
INSERT IGNORE party(id,user_id,count)VALUES(503,60,6)
INSERT IGNORE party(id,user_id,count)VALUES(510,61,6)
INSERT IGNORE party(id,user_id,count)VALUES(105,3,7)
INSERT IGNORE party(id,user_id,count)VALUES(112,4,7)
INSERT IGNORE party(id,user_id,count)VALUES(119,5,7)
INSERT IGNORE party(id,user_id,count)VALUES(126,6,7)
INSERT IGNORE party(id,user_id,count)VALUES(133,7,7)
INSERT IGNORE party(id,user_id,count)VALUES(140,8,7)
INSERT IGNORE party(id,user_id,count)VALUES(147,9,7)
INSERT IGNORE party(id,user_id,count)VALUES(154,10,7)
INSERT IGNORE party(id,user_id,count)VALUES(161,11,7)
INSERT IGNORE party(id,user_id,count)VALUES(168,12,7)
INSERT IGNORE party(id,user_id,count)VALUES(175,13,7)
INSERT IGNORE party(id,user_id,count)VALUES(182,14,7)
INSERT IGNORE party(id,user_id,count)VALUES(189,15,7)
INSERT IGNORE party(id,user_id,count)VALUES(196,16,7)
INSERT IGNORE party(id,user_id,count)VALUES(203,17,7)
INSERT IGNORE party(id,user_id,count)VALUES(210,18,7)
INSERT IGNORE party(id,user_id,count)VALUES(217,19,7)
INSERT IGNORE party(id,user_id,count)VALUES(224,20,7)
INSERT IGNORE party(id,user_id,count)VALUES(231,21,7)
INSERT IGNORE party(id,user_id,count)VALUES(238,22,7)
INSERT IGNORE party(id,user_id,count)VALUES(245,23,7)
INSERT IGNORE party(id,user_id,count)VALUES(252,24,7)
INSERT IGNORE party(id,user_id,count)VALUES(259,25,7)
INSERT IGNORE party(id,user_id,count)VALUES(266,26,7)
INSERT IGNORE party(id,user_id,count)VALUES(273,27,7)
INSERT IGNORE party(id,user_id,count)VALUES(280,28,7)
INSERT IGNORE party(id,user_id,count)VALUES(287,29,7)
INSERT IGNORE party(id,user_id,count)VALUES(294,30,7)
INSERT IGNORE party(id,user_id,count)VALUES(301,31,7)
INSERT IGNORE party(id,user_id,count)VALUES(308,32,7)
INSERT IGNORE party(id,user_id,count)VALUES(315,33,7)
INSERT IGNORE party(id,user_id,count)VALUES(322,34,7)
INSERT IGNORE party(id,user_id,count)VALUES(329,35,7)
INSERT IGNORE party(id,user_id,count)VALUES(336,36,7)
INSERT IGNORE party(id,user_id,count)VALUES(343,37,7)
INSERT IGNORE party(id,user_id,count)VALUES(350,38,7)
INSERT IGNORE party(id,user_id,count)VALUES(357,39,7)
INSERT IGNORE party(id,user_id,count)VALUES(364,40,7)
INSERT IGNORE party(id,user_id,count)VALUES(371,41,7)
INSERT IGNORE party(id,user_id,count)VALUES(378,42,7)
INSERT IGNORE party(id,user_id,count)VALUES(385,43,7)
INSERT IGNORE party(id,user_id,count)VALUES(392,44,7)
INSERT IGNORE party(id,user_id,count)VALUES(399,45,7)
INSERT IGNORE party(id,user_id,count)VALUES(406,46,7)
INSERT IGNORE party(id,user_id,count)VALUES(413,47,7)
INSERT IGNORE party(id,user_id,count)VALUES(420,48,7)
INSERT IGNORE party(id,user_id,count)VALUES(427,49,7)
INSERT IGNORE party(id,user_id,count)VALUES(434,50,7)
INSERT IGNORE party(id,user_id,count)VALUES(441,51,7)
INSERT IGNORE party(id,user_id,count)VALUES(448,52,7)
INSERT IGNORE party(id,user_id,count)VALUES(455,53,7)
INSERT IGNORE party(id,user_id,count)VALUES(462,54,7)
INSERT IGNORE party(id,user_id,count)VALUES(469,55,7)
INSERT IGNORE party(id,user_id,count)VALUES(476,56,7)
INSERT IGNORE party(id,user_id,count)VALUES(483,57,7)
INSERT IGNORE party(id,user_id,count)VALUES(490,58,7)
INSERT IGNORE party(id,user_id,count)VALUES(497,59,7)
INSERT IGNORE party(id,user_id,count)VALUES(504,60,7)
INSERT IGNORE party(id,user_id,count)VALUES(511,61,7)
